{
  "きゅうり": {
    "T": 29,
    "batch_size": 2291,
    "num_epochs": 22,
    "learning_rate": 0.0010388057489466452,
    "weight_decay": 1.9585601800739626e-05,
    "eps": 3.791503062878739e-15,
    "hidden_size": 1051,
    "dropout_ratio": 0.3891430778252923,
    "is_attention": 1,
    "num_ensamble": 5,
    "seed": 2
  },
  "こまつな": {
    "T": 31,
    "batch_size": 2114,
    "num_epochs": 116,
    "learning_rate": 0.003098232310990713,
    "weight_decay": 1.2083722258543687e-11,
    "eps": 0.000032696258510835913,
    "hidden_size": 988,
    "dropout_ratio": 0.4303747844290968,
    "is_attention": 0,
    "num_ensamble": 5,
    "seed": 1
  },
  "じゃがいも": {
    "T": 26,
    "batch_size": 920,
    "num_epochs": 138,
    "learning_rate": 0.0013910694946878718,
    "weight_decay": 2.890321303666833e-10,
    "eps": 5.583163703373735e-13,
    "hidden_size": 1606,
    "dropout_ratio": 0.6480235049963949,
    "is_attention": 0,
    "num_ensamble": 5,
    "seed": 30
  },
  "セルリー": {
    "T": 31,
    "batch_size": 2114,
    "num_epochs": 116,
    "learning_rate": 0.003098232310990713,
    "weight_decay": 1.2083722258543687e-11,
    "eps": 3.2696258510835913e-05,
    "hidden_size": 988,
    "dropout_ratio": 0.4303747844290968,
    "is_attention": 1,
    "num_ensamble": 5,
    "seed": 1109
  },
  "そらまめ": {
    "T": 10,
    "batch_size": 1054,
    "num_epochs": 100,
    "learning_rate": 0.0005,
    "weight_decay": 0.001,
    "eps": 1e-08,
    "hidden_size": 500,
    "dropout_ratio": 0.1,
    "is_attention": 0,
    "num_ensamble": 50,
    "seed": 1
  },
  "だいこん": {
    "T": 36,
    "batch_size": 2412,
    "num_epochs": 64,
    "learning_rate": 0.005223420083374704,
    "weight_decay": 3.416512393334067e-13,
    "eps": 9.671061702182804e-15,
    "hidden_size": 368,
    "dropout_ratio": 0.5208164295982842,
    "is_attention": 1,
    "num_ensamble": 5,
    "seed": 1
  },
  "なましいたけ": {
    "T": 10,
    "batch_size": 16,
    "num_epochs": 70,
    "learning_rate": 0.001,
    "weight_decay": 0.001,
    "eps": 1e-08,
    "hidden_size": 1000,
    "dropout_ratio": 0.5,
    "is_attention": 1,
    "num_ensamble": 25,
    "seed": 1111
  },
  "にんじん": {
    "T": 34,
    "batch_size": 208,
    "num_epochs": 130,
    "learning_rate": 0.0023205123880201523,
    "weight_decay": 8.202715310082193e-09,
    "eps": 2.2583527937266124e-06,
    "hidden_size": 781,
    "dropout_ratio": 0.42726300591075544,
    "is_attention": 1,
    "num_ensamble": 5,
    "seed": 11
  },
  "ねぎ": {
    "T": 10,
    "batch_size": 16,
    "num_epochs": 150,
    "learning_rate": 0.001,
    "weight_decay": 0.001,
    "eps": 1e-08,
    "hidden_size": 1000,
    "dropout_ratio": 0.5,
    "is_attention": 1,
    "num_ensamble": 5,
    "seed": 1
  },
  "はくさい": {
    "T": 10,
    "batch_size": 16,
    "num_epochs": 70,
    "learning_rate": 0.001,
    "weight_decay": 0.001,
    "eps": 1e-08,
    "hidden_size": 1000,
    "dropout_ratio": 0.5,
    "is_attention": 1,
    "num_ensamble": 25,
    "seed": 11
  },
  "ほうれんそう": {
    "T": 26,
    "batch_size": 920,
    "num_epochs": 50,
    "learning_rate": 0.0013910694946878718,
    "weight_decay": 2.890321303666833e-10,
    "eps": 5.583163703373735e-13,
    "hidden_size": 1606,
    "dropout_ratio": 0.6480235049963949,
    "is_attention": 1,
    "num_ensamble": 5,
    "seed": 2
  },
  "ミニトマト": {
    "T": 10,
    "batch_size": 16,
    "num_epochs": 70,
    "learning_rate": 0.001,
    "weight_decay": 0.001,
    "eps": 1e-08,
    "hidden_size": 500,
    "dropout_ratio": 0.5,
    "is_attention": 1,
    "num_ensamble": 5,
    "seed": 30
  },
  "キャベツ": {
    "T": 10,
    "batch_size": 3573,
    "num_epochs": 133,
    "learning_rate": 0.0012146687986996766,
    "weight_decay": 7.2342050578370336e-12,
    "eps": 0.00001997654403014991,
    "hidden_size": 709,
    "dropout_ratio": 0.8584144095865284,
    "is_attention": 0,
    "num_ensamble": 5,
    "seed": 1
  },
  "トマト": {
    "T": 10,
    "batch_size": 16,
    "num_epochs": 150,
    "learning_rate": 0.001,
    "weight_decay": 0.001,
    "eps": 1e-08,
    "hidden_size": 500,
    "dropout_ratio": 0.5,
    "is_attention": 1,
    "num_ensamble": 5,
    "seed": 1
  },
  "ピーマン": {
    "T": 10,
    "batch_size": 16,
    "num_epochs": 150,
    "learning_rate": 0.001,
    "weight_decay": 0.001,
    "eps": 1e-08,
    "hidden_size": 500,
    "dropout_ratio": 0.5,
    "is_attention": 1,
    "num_ensamble": 5,
    "seed": 2
  },
  "レタス": {
    "T": 227,
    "batch_size": 1168,
    "num_epochs": 87,
    "learning_rate": 0.027672821531301656,
    "weight_decay": 5.5422606575923955e-14,
    "eps": 0.035072064902492706,
    "hidden_size": 359,
    "dropout_ratio": 0.2881618579842944,
    "is_attention": 1,
    "num_ensamble": 5,
    "seed": 1
  }
}
